Actual Data,Random Forest Predictions,Actual vs Random Forest Prediction,amount
0,0,Match,23147.49
0,0,Match,17978.87
0,0,Match,100677.86
0,0,Match,2056.59
0,0,Match,161217.61
0,0,Match,2571.98
0,0,Match,11491.76
0,0,Match,7798.4
1,1,Match,581421.85
1,1,Match,107188.41
0,0,Match,1153.98
0,0,Match,2290.0
0,0,Match,3468.74
0,0,Match,13268.46
0,0,Match,1032930.05
0,0,Match,306323.63
0,0,Match,2344.84
0,0,Match,826.25
0,0,Match,281620.9
1,1,Match,581889.94
0,0,Match,55861.27
0,0,Match,3734.21
0,0,Match,4802.31
0,0,Match,8953.88
0,0,Match,13128.66
0,0,Match,218753.79
0,0,Match,2140.78
0,0,Match,1626960.47
0,0,Match,3605.26
0,0,Match,16697.62
0,0,Match,211918.4
0,0,Match,21354.7
0,0,Match,10781.11
0,0,Match,11675.92
0,0,Match,5853.21
0,0,Match,33349.84
0,0,Match,13517.94
0,0,Match,29181.32
0,0,Match,57342.59
0,0,Match,1894.12
0,0,Match,217668.38
0,0,Match,10627.18
0,0,Match,33034.11
0,0,Match,1449.03
0,0,Match,11877.65
0,0,Match,2738.86
0,0,Match,920.85
0,0,Match,16085.74
0,0,Match,5213.25
0,0,Match,2946.8
1,1,Match,31074.0
0,0,Match,6130.56
0,0,Match,20950.16
0,0,Match,7257.7
0,0,Match,492198.86
0,0,Match,19852.81
0,0,Match,11703.97
0,0,Match,170.96
0,0,Match,3655.9
1,1,Match,39379.45
0,0,Match,107752.32
0,0,Match,137197.06
0,0,Match,452932.69
1,1,Match,1693962.01
0,0,Match,40108.55
0,0,Match,248011.57
0,0,Match,335416.51
0,0,Match,26884.31
1,1,Match,10000000.0
0,0,Match,1411.62
1,1,Match,59385.67
0,0,Match,3876.41
0,0,Match,5061.75
0,0,Match,178912.5
0,0,Match,6382.51
0,0,Match,17373.62
0,0,Match,10680.86
0,0,Match,502911.34
0,0,Match,6805.26
0,0,Match,80448.13
0,0,Match,61663.75
0,0,Match,2750.32
0,0,Match,14440.44
0,0,Match,41303.17
1,1,Match,3904257.51
0,0,Match,10553.58
0,0,Match,16898.93
0,0,Match,15918.62
0,0,Match,237456.97
0,0,Match,682894.68
0,0,Match,7071.77
0,0,Match,27535.02
0,0,Match,41749.41
1,1,Match,2960254.17
0,0,Match,18655.15
0,0,Match,9374.72
0,0,Match,8687.83
0,0,Match,341122.21
0,0,Match,113656.68
0,0,Match,485135.11
0,0,Match,53631.83
0,0,Match,10172.81
0,0,Match,200774.62
0,0,Match,455933.21
0,0,Match,102072.07
0,0,Match,2556.31
0,0,Match,13297.0
0,0,Match,41139.2
0,0,Match,19110.24
0,0,Match,347.5
0,0,Match,15919.89
0,0,Match,12672.81
0,0,Match,245484.78
0,0,Match,72106.27
0,0,Match,67379.32
0,0,Match,12882.91
1,1,Match,35016.23
0,0,Match,1068.22
0,0,Match,3868.15
0,0,Match,13670.0
0,0,Match,128336.28
0,0,Match,2519.06
0,0,Match,195314.34
0,0,Match,131965.15
0,0,Match,2006.44
0,0,Match,32420.54
1,1,Match,401529.35
1,1,Match,2147778.33
0,0,Match,13693.33
1,1,Match,3723738.06
0,0,Match,107730.87
0,0,Match,3146.09
0,0,Match,5045.77
0,0,Match,5909.55
0,0,Match,4497.03
0,0,Match,12586.69
0,0,Match,4089.67
0,0,Match,3857.29
0,0,Match,8374.99
1,1,Match,1350574.58
0,0,Match,18510.43
0,0,Match,1465846.48
0,0,Match,708855.97
0,0,Match,229133.94
0,0,Match,1150.14
0,0,Match,11488.23
0,0,Match,13104.63
1,1,Match,1461930.03
0,0,Match,113261.2
1,1,Match,13890.42
0,0,Match,4738.28
0,0,Match,215497.06
0,0,Match,8711.52
0,0,Match,1571619.71
0,0,Match,378896.52
0,0,Match,6441.93
0,0,Match,3212.82
0,0,Match,2685.44
0,0,Match,3238.39
0,0,Match,21300.1
0,0,Match,111325.33
0,0,Match,6112.75
0,0,Match,259448.64
0,0,Match,16038.8
0,0,Match,8757.09
0,0,Match,151764.65
1,1,Match,2737766.8
0,0,Match,2011670.91
0,0,Match,247575.4
0,0,Match,2558.03
0,0,Match,5272.81
1,1,Match,8594065.09
0,0,Match,1864.28
0,0,Match,375736.37
0,0,Match,23704.62
0,0,Match,200095.94
0,0,Match,1417.84
1,1,Match,128133.0
0,0,Match,1039778.19
0,0,Match,4283.98
0,0,Match,168494.53
0,0,Match,3854.92
0,0,Match,5693.58
1,1,Match,12461.0
0,0,Match,614317.64
0,0,Match,5567.54
0,0,Match,201744.79
0,0,Match,351633.67
0,0,Match,42922.81
0,0,Match,4172.18
0,0,Match,381371.28
0,0,Match,132427.3
0,0,Match,112327.1
0,0,Match,376292.35
0,0,Match,79.26
0,0,Match,822.37
0,0,Match,70325.16
0,0,Match,6891.56
0,0,Match,96178.8
0,0,Match,6811.97
0,0,Match,22391.5
1,1,Match,222.0
0,0,Match,5796.91
0,0,Match,276974.44
1,1,Match,438224.6
0,0,Match,547982.86
0,0,Match,4419.68
0,0,Match,2241254.39
0,0,Match,69603.22
0,0,Match,487344.19
0,0,Match,26210.38
0,0,Match,121854.66
0,0,Match,805550.98
0,0,Match,2222097.28
0,0,Match,10986.65
0,0,Match,18951.06
0,0,Match,4348.75
0,0,Match,203376.02
0,0,Match,113859.94
0,0,Match,2273.35
0,0,Match,97771.23
0,0,Match,10909.31
1,1,Match,1014816.16
0,0,Match,2620.17
0,0,Match,84014.41
0,0,Match,12968.1
1,1,Match,90204.54
0,0,Match,16251.8
0,0,Match,81222.77
0,0,Match,8287.96
0,0,Match,15430.0
0,0,Match,343371.38
0,0,Match,343189.13
0,0,Match,24252.98
0,0,Match,1500.44
0,0,Match,3677.29
0,0,Match,9103.87
0,0,Match,2101.83
0,0,Match,8448.99
0,0,Match,3060.54
0,0,Match,3454.08
0,0,Match,6039.61
0,0,Match,11178.56
0,0,Match,7807.42
0,0,Match,16048.8
0,0,Match,17737.81
0,0,Match,29478.3
0,0,Match,2252.44
0,0,Match,235409.03
0,0,Match,235427.33
0,0,Match,469688.29
0,0,Match,11425.82
1,1,Match,581889.94
1,1,Match,967954.01
0,0,Match,5829.39
0,0,Match,103406.05
1,1,Match,813133.35
0,0,Match,575.79
0,0,Match,2329.14
0,0,Match,266769.46
0,0,Match,26775.37
0,0,Match,679502.24
0,0,Match,6720.15
0,0,Match,11527.48
0,0,Match,530888.87
0,0,Match,4887.09
0,0,Match,831878.75
0,0,Match,2882.94
0,0,Match,130280.74
0,0,Match,4533.62
0,0,Match,515305.42
0,0,Match,231460.09
0,0,Match,311330.4
0,0,Match,15698.38
0,0,Match,4448.09
0,0,Match,214015.94
0,0,Match,14225.59
0,0,Match,13522.25
0,0,Match,93187.96
0,0,Match,3325.01
0,0,Match,3246.88
0,0,Match,2132.75
0,0,Match,14037.48
0,0,Match,208855.95
0,0,Match,570796.52
0,0,Match,276273.67
0,0,Match,5352.59
0,0,Match,3911.87
0,0,Match,7314.79
0,0,Match,55091.05
0,0,Match,23513.69
1,1,Match,180967.56
0,0,Match,19591.87
0,0,Match,9621.65
1,1,Match,1917497.63
0,0,Match,13080.98
0,0,Match,172485.68
0,0,Match,209715.24
0,0,Match,146467.87
0,0,Match,2392.53
0,0,Match,285832.76
0,0,Match,199318.34
0,0,Match,38366.56
0,0,Match,1263.04
0,0,Match,13266.85
0,0,Match,650.48
0,0,Match,30051.02
1,1,Match,1566057.28
0,0,Match,5920.06
0,0,Match,249972.42
0,0,Match,20667.76
1,1,Match,89571.46
0,0,Match,258578.06
0,0,Match,381018.8
0,0,Match,273342.27
0,0,Match,3732.98
0,0,Match,33812.13
1,1,Match,171788.82
0,0,Match,51861.21
0,0,Match,5812.36
0,0,Match,738.07
0,0,Match,2900.55
0,0,Match,122817.49
0,0,Match,17902.82
0,0,Match,1144.61
0,0,Match,120817.37
0,0,Match,90106.13
1,1,Match,106673.26
1,1,Match,119.0
0,0,Match,11855.45
0,0,Match,40156.69
0,0,Match,5851.45
0,0,Match,622.15
0,0,Match,289025.75
0,0,Match,244.87
0,0,Match,94038.9
0,0,Match,27008.84
1,1,Match,2249574.01
1,1,Match,21729.0
0,0,Match,4059.25
0,0,Match,1520.66
0,0,Match,121723.0
0,0,Match,90646.09
0,0,Match,20677.95
0,0,Match,200373.08
0,0,Match,60214.51
0,0,Match,235190.76
0,0,Match,195542.41
0,0,Match,5875.05
0,0,Match,7515.48
0,0,Match,8076.53
0,0,Match,9250.16
0,0,Match,421520.68
0,0,Match,11251.54
0,0,Match,113399.73
0,0,Match,774.72
0,0,Match,20007.91
0,0,Match,3149.19
0,0,Match,14809.24
0,0,Match,123545.77
0,0,Match,181882.49
0,0,Match,2934.33
0,0,Match,13702.52
0,0,Match,2388.04
0,0,Match,255232.66
0,0,Match,16487.8
0,0,Match,7888.5
0,0,Match,308882.21
0,0,Match,1856.11
0,0,Match,10953.04
0,0,Match,1926.79
0,0,Match,3854.39
1,1,Match,45077.1
0,0,Match,13560.97
0,0,Match,810479.77
0,0,Match,30807.35
0,0,Match,908091.47
0,0,Match,2206.56
0,0,Match,170686.08
1,1,Match,1036789.41
0,0,Match,106343.2
1,1,Match,3786438.03
0,0,Match,5422.04
0,0,Match,1948.6
1,1,Match,1735466.52
0,0,Match,227335.16
0,0,Match,1664.51
0,0,Match,183763.58
0,0,Match,3032.27
0,0,Match,117770.95
0,0,Match,17809.04
0,0,Match,8264.22
0,0,Match,33855.24
1,1,Match,2627070.5
0,0,Match,8343.34
0,0,Match,6078.0
0,0,Match,231151.17
0,0,Match,6849.71
0,0,Match,1697.56
0,0,Match,16461.41
0,0,Match,348393.24
0,0,Match,1722.22
0,0,Match,4910.14
0,0,Match,468052.79
0,0,Match,4632.68
0,0,Match,106903.28
0,0,Match,18046.61
1,1,Match,567932.31
0,0,Match,17456.35
0,0,Match,249374.52
0,0,Match,3450.71
0,0,Match,2168.8
0,0,Match,6606.47
0,0,Match,86520.54
0,0,Match,99295.78
0,0,Match,75405.1
0,0,Match,953.21
0,0,Match,268571.64
0,0,Match,4953.63
0,0,Match,223555.14
0,0,Match,96300.34
0,0,Match,191490.24
0,0,Match,931.78
0,0,Match,203443.12
1,1,Match,25071.46
1,1,Match,2198224.71
1,1,Match,4631432.03
0,0,Match,32852.19
0,0,Match,4696.68
0,0,Match,6193.97
0,0,Match,21902.51
0,0,Match,178230.41
0,0,Match,20206.61
0,0,Match,289715.28
0,0,Match,2167.26
0,0,Match,68902.0
0,0,Match,3317.5
0,0,Match,10349.31
0,0,Match,68513.25
0,0,Match,1252.27
0,0,Match,1097510.65
0,0,Match,5764.6
0,0,Match,2669.69
0,0,Match,2358.86
1,1,Match,29707.86
1,1,Match,65488.05
0,0,Match,104335.07
1,1,Match,503793.25
0,0,Match,12174.55
0,0,Match,1841.69
0,0,Match,4625.32
0,0,Match,138323.26
0,0,Match,354832.51
1,1,Match,585010.21
0,0,Match,223760.9
0,0,Match,8935.7
0,0,Match,10967.1
0,0,Match,423.65
0,0,Match,7031.7
0,0,Match,112.56
1,1,Match,582571.87
0,0,Match,26843.78
0,0,Match,7303.1
0,0,Match,9491.89
0,0,Match,1539.57
0,0,Match,3422.04
0,0,Match,871.75
1,1,Match,915266.65
1,1,Match,1693962.01
0,0,Match,307.63
0,0,Match,596617.87
0,0,Match,445805.73
0,0,Match,21370.5
0,0,Match,2769.02
0,0,Match,9269.99
0,0,Match,125275.0
0,0,Match,2392.42
0,0,Match,5428.2
0,0,Match,17994.24
0,0,Match,4651.67
0,0,Match,411363.54
0,0,Match,29426.86
0,0,Match,6913.46
0,0,Match,123951.78
0,0,Match,12827.97
0,0,Match,439105.26
0,0,Match,191112.23
0,0,Match,3849.48
0,0,Match,176334.26
0,0,Match,59390.46
0,0,Match,55230.19
0,0,Match,88549.9
0,0,Match,164411.83
0,0,Match,97601.12
1,1,Match,222048.71
0,0,Match,12122.55
0,0,Match,58516.68
0,0,Match,238567.79
0,0,Match,1657667.44
0,0,Match,5088.99
0,0,Match,6800.9
0,0,Match,15325.4
0,0,Match,91611.03
0,0,Match,529296.76
0,0,Match,2941.39
0,0,Match,54395.2
0,0,Match,1413.15
0,0,Match,1481.02
0,0,Match,171508.59
0,0,Match,113486.72
0,0,Match,8720.99
0,0,Match,5756.56
0,0,Match,7813.41
0,0,Match,12510.49
1,1,Match,3372.0
0,0,Match,7995.66
1,1,Match,31574.65
0,0,Match,8402.36
0,0,Match,2732.73
0,0,Match,21033.18
0,0,Match,2645.88
0,0,Match,3099.97
1,1,Match,268230.43
0,0,Match,17373.04
0,0,Match,56471.48
0,0,Match,25389.14
0,0,Match,4664.21
0,0,Match,819.45
0,0,Match,218698.72
1,1,Match,6215.44
0,0,Match,2351.74
0,0,Match,8598.19
0,0,Match,229982.47
0,0,Match,6523.19
1,1,Match,23292.3
1,1,Match,62134.33
0,0,Match,341128.83
0,0,Match,1847.37
0,0,Match,1313.6
0,0,Match,7363.65
1,1,Match,235512.2
0,0,Match,193934.58
0,0,Match,167410.09
0,0,Match,17482.76
0,0,Match,35015.29
0,0,Match,132361.54
1,1,Match,7169129.94
0,0,Match,123283.25
0,0,Match,9144.91
0,0,Match,23691.12
1,1,Match,181.0
0,0,Match,377287.8
0,0,Match,8251.07
1,1,Match,82767.31
0,0,Match,102751.5
0,0,Match,764.8
0,0,Match,11887.32
0,0,Match,636.76
0,0,Match,194287.8
0,0,Match,13136.44
0,0,Match,84.22
1,1,Match,20314.97
0,0,Match,101181.53
0,0,Match,3396.25
0,0,Match,12417.59
1,1,Match,71693.42
0,0,Match,831.53
0,0,Match,7669.42
0,0,Match,236.17
0,0,Match,15028.75
0,0,Match,555921.6
0,0,Match,7651.8
0,0,Match,5541.9
0,0,Match,106705.8
0,0,Match,3348.1
0,0,Match,5885.13
1,1,Match,1639676.27
0,0,Match,57234.15
0,0,Match,942.95
0,0,Match,100669.53
0,0,Match,647.06
0,0,Match,6737.2
0,0,Match,156329.61
1,1,Match,810039.19
0,0,Match,10236.7
0,0,Match,253.22
0,0,Match,328596.61
0,0,Match,7775.56
0,0,Match,201261.11
0,0,Match,1795.75
0,0,Match,1016.95
0,0,Match,4400.63
0,0,Match,7444.4
0,0,Match,248507.58
0,0,Match,2574.1
0,0,Match,552.85
0,0,Match,3644.85
1,1,Match,386996.34
0,0,Match,214376.36
1,1,Match,4022667.54
0,0,Match,238861.93
0,0,Match,336230.03
0,0,Match,4539.49
0,0,Match,2226.78
0,0,Match,264788.06
0,0,Match,138373.64
0,0,Match,8596.25
0,0,Match,10169.55
1,1,Match,20314.97
0,0,Match,12029.55
0,0,Match,4185.71
0,0,Match,11304.29
0,0,Match,4253.87
1,1,Match,967954.01
0,0,Match,33244.29
0,0,Match,4235.51
0,0,Match,5783.05
0,0,Match,22547.2
1,1,Match,865948.49
0,0,Match,104427.87
0,0,Match,5471.85
0,0,Match,4943.15
0,0,Match,7257.38
0,0,Match,6324.09
0,0,Match,6905.52
0,0,Match,243580.55
0,0,Match,8987.61
1,1,Match,785323.0
0,0,Match,3969.94
0,0,Match,8094.53
0,0,Match,5432.09
0,0,Match,137899.53
0,0,Match,32379.76
0,0,Match,23795.08
0,0,Match,98247.27
0,0,Match,553.84
0,0,Match,5435.84
0,0,Match,23347.8
0,0,Match,53560.68
0,0,Match,257641.56
0,0,Match,7118.78
0,0,Match,529190.35
0,0,Match,10211.96
0,0,Match,184986.8
1,1,Match,460436.43
0,0,Match,8886.57
0,0,Match,16780.75
0,0,Match,3051.76
0,0,Match,94296.25
0,0,Match,12956.39
0,0,Match,4449.8
0,0,Match,396017.83
0,0,Match,4187.93
0,0,Match,3027.49
0,0,Match,5002.55
1,1,Match,1783144.33
0,0,Match,111430.78
0,0,Match,4435.37
0,0,Match,5290.34
0,0,Match,54504.93
0,0,Match,5416.8
0,0,Match,42621.98
0,0,Match,7462.87
0,0,Match,1563.49
0,0,Match,761871.16
1,1,Match,2662734.59
0,0,Match,6887.71
0,0,Match,47913.58
0,0,Match,643767.43
0,0,Match,3896.42
0,0,Match,13259.12
0,0,Match,2419.01
0,0,Match,10310.77
0,0,Match,221297.05
0,0,Match,3585.4
0,0,Match,423316.32
0,0,Match,24.75
0,0,Match,3208.14
0,0,Match,5370.06
0,0,Match,556849.49
0,0,Match,635507.97
0,0,Match,74375.02
0,0,Match,5997.84
0,0,Match,202.28
0,0,Match,660.52
0,0,Match,4733.94
0,0,Match,116118.94
1,1,Match,1933920.8
0,0,Match,14306.8
0,0,Match,2576294.8
1,1,Match,42659.39
0,0,Match,44029.69
0,0,Match,3697.53
0,0,Match,151132.51
0,0,Match,3835.42
0,0,Match,6757.51
0,0,Match,7861.64
1,1,Match,3857176.83
0,0,Match,585853.28
0,0,Match,1193410.46
0,0,Match,25084.74
0,0,Match,19304.22
0,0,Match,66892.29
0,0,Match,400377.11
0,0,Match,215.05
0,0,Match,923.14
0,0,Match,5297.9
0,0,Match,1895.14
0,0,Match,13688.99
1,1,Match,79441.66
0,0,Match,518.1
0,0,Match,6854.06
0,0,Match,5159.5
0,0,Match,123797.1
0,0,Match,65600.8
0,0,Match,129079.67
0,0,Match,1803.28
0,0,Match,6331.43
0,0,Match,161632.16
0,0,Match,19521.96
0,0,Match,210085.11
0,0,Match,1550.75
0,0,Match,624.02
0,0,Match,11393.18
0,0,Match,108819.21
0,0,Match,170099.02
0,0,Match,253411.19
0,0,Match,70587.22
0,0,Match,149.66
0,0,Match,173366.75
0,0,Match,7870.29
0,0,Match,131162.37
0,0,Match,5675.84
0,0,Match,363482.02
0,0,Match,40765.68
1,1,Match,103056.0
0,0,Match,941502.27
0,0,Match,3101.33
0,0,Match,374378.57
0,0,Match,160710.01
0,0,Match,874562.86
0,0,Match,12163.38
0,0,Match,550.7
0,0,Match,2906.96
0,0,Match,229790.53
0,0,Match,2692.22
1,1,Match,126715.84
0,0,Match,165449.12
0,0,Match,10669.29
0,0,Match,30704.7
0,0,Match,57908.35
0,0,Match,13275.38
0,0,Match,9023.63
0,0,Match,2610.01
0,0,Match,6650.58
1,1,Match,6188772.44
0,0,Match,14796.83
0,0,Match,6822.49
0,0,Match,1194.12
1,1,Match,472692.51
0,0,Match,1227.16
0,0,Match,2280.09
0,0,Match,10443.68
0,0,Match,290908.18
0,0,Match,530.4
0,0,Match,63588.85
0,0,Match,531.45
0,0,Match,7519.45
0,0,Match,17236.25
0,0,Match,15730.19
1,1,Match,202978.65
0,0,Match,29.03
0,0,Match,4296.12
1,1,Match,195351.76
1,1,Match,212089.74
0,0,Match,1548.73
0,0,Match,2388.2
0,0,Match,237220.07
0,0,Match,7707.68
0,0,Match,435330.06
0,0,Match,420269.82
0,0,Match,41210.57
0,0,Match,97544.43
0,0,Match,11496.9
0,0,Match,973.18
0,0,Match,239510.08
0,0,Match,3656.12
0,0,Match,592.9
0,0,Match,393.7
0,0,Match,225812.6
0,0,Match,6748.38
0,0,Match,340369.3
0,0,Match,10310.58
0,0,Match,318009.92
0,0,Match,10346.92
0,0,Match,1690.65
0,0,Match,132513.7
0,0,Match,11758.27
1,1,Match,269545.63
0,0,Match,16525.68
0,0,Match,138805.3
0,0,Match,1623.0
0,0,Match,3332.58
0,0,Match,669.31
0,0,Match,243542.61
0,0,Match,84212.94
0,0,Match,338964.91
0,0,Match,9098.14
0,0,Match,11420.91
0,0,Match,90956.1
0,0,Match,4457.68
0,0,Match,4304.58
0,0,Match,10260.12
1,1,Match,8677.0
0,0,Match,314134.01
0,0,Match,487039.74
0,0,Match,304316.59
0,0,Match,33459.4
0,0,Match,2110.53
0,0,Match,13268.13
0,0,Match,10485.37
0,0,Match,56151.12
1,1,Match,180967.56
0,0,Match,8309.52
0,0,Match,6039.09
0,0,Match,2527.21
0,0,Match,19561.05
0,0,Match,5809.78
0,0,Match,26516.56
0,0,Match,11633.76
1,1,Match,1170282.92
0,0,Match,1979.94
0,0,Match,532111.14
0,0,Match,217846.27
0,0,Match,4227.19
0,0,Match,17352.02
0,0,Match,2518.13
0,0,Match,20123.79
0,0,Match,6920.66
0,0,Match,7887.71
0,0,Match,239959.98
0,0,Match,9518.45
0,0,Match,58408.09
0,0,Match,11353.99
0,0,Match,7262.43
0,0,Match,31980.86
0,0,Match,601898.44
0,0,Match,5607.36
0,0,Match,34407.36
0,0,Match,151749.75
0,0,Match,13223.51
0,0,Match,158333.5
0,0,Match,160642.36
0,0,Match,8612.28
0,0,Match,14198.34
1,1,Match,307739.18
0,0,Match,149935.68
0,0,Match,14546.82
0,0,Match,3864.48
0,0,Match,141131.23
0,0,Match,17014.53
0,0,Match,5187.5
0,0,Match,3660.66
0,0,Match,25224.88
0,0,Match,2327.84
0,0,Match,1117.34
0,0,Match,267962.57
0,0,Match,427823.47
0,0,Match,6453.67
0,0,Match,1453126.81
0,0,Match,722.75
0,0,Match,236747.6
0,0,Match,87551.31
0,0,Match,33275.35
0,0,Match,102359.63
1,1,Match,19776.71
0,0,Match,4373.69
0,0,Match,323.01
0,0,Match,7868.9
0,0,Match,89569.75
0,0,Match,302915.15
0,0,Match,404053.55
0,0,Match,1675530.06
0,0,Match,140158.67
0,0,Match,17987.71
0,0,Match,82564.24
0,0,Match,1460.63
1,1,Match,109401.88
0,0,Match,9371.85
0,0,Match,564827.72
0,0,Match,15085.17
0,0,Match,198823.6
0,0,Match,18799.27
0,0,Match,14503.64
0,0,Match,66225.76
0,0,Match,1044.38
0,0,Match,462312.19
0,0,Match,22630.64
0,0,Match,164890.89
0,0,Match,6330.85
0,0,Match,6736.46
0,0,Match,1823.73
0,0,Match,46630.53
0,0,Match,24034.28
1,1,Match,37796.75
0,0,Match,1339.12
0,0,Match,7338.27
0,0,Match,45458.81
0,0,Match,48883.87
0,0,Match,398355.98
0,0,Match,98239.33
0,0,Match,618.01
0,0,Match,12450.02
0,0,Match,4700.07
0,0,Match,14766.83
0,0,Match,273930.25
0,0,Match,8809.29
1,1,Match,45077.1
0,0,Match,251482.63
0,0,Match,341.66
0,0,Match,1161.22
0,0,Match,22206.33
0,0,Match,3175.28
0,0,Match,159657.1
0,0,Match,109259.68
0,0,Match,9455.4
0,0,Match,123551.62
1,1,Match,42789.93
0,0,Match,6525.58
0,0,Match,31963.29
0,0,Match,6132.71
0,0,Match,4489.66
0,0,Match,62820.46
0,0,Match,58447.8
0,0,Match,7204.66
0,0,Match,8111.87
0,0,Match,42963.87
0,0,Match,6225.18
0,0,Match,521678.46
0,0,Match,38.14
0,0,Match,10580.12
0,0,Match,551.48
0,0,Match,1284.56
0,0,Match,111692.26
0,0,Match,689.28
1,1,Match,222.0
0,0,Match,197648.26
0,0,Match,14054.64
0,0,Match,194008.39
0,0,Match,2946.38
0,0,Match,155122.86
0,0,Match,139446.85
0,0,Match,88987.11
0,0,Match,4335.19
0,0,Match,98104.83
0,0,Match,245908.29
0,0,Match,140934.36
0,0,Match,15185.01
0,0,Match,125471.79
0,0,Match,7641.08
0,0,Match,84911.32
0,0,Match,7286.11
0,0,Match,15484.5
0,0,Match,13191.45
0,0,Match,226.29
0,0,Match,17389.94
0,0,Match,12613.83
0,0,Match,15638.89
0,0,Match,12738.66
0,0,Match,332573.12
1,1,Match,268641.82
0,0,Match,19.06
0,0,Match,18409.27
0,0,Match,529611.71
0,0,Match,438047.1
1,1,Match,664992.86
0,0,Match,22624.41
0,0,Match,3806.52
0,0,Match,842.26
0,0,Match,3942.44
0,0,Match,3849.14
0,0,Match,17189.18
0,0,Match,134469.08
0,0,Match,196034.13
0,0,Match,94726.64
0,0,Match,1106.78
1,1,Match,1398946.33
1,0,Mismatch,416001.33
0,0,Match,26672.44
0,0,Match,18437.04
0,0,Match,207796.54
0,0,Match,415.98
0,0,Match,14166.38
1,1,Match,438224.6
0,0,Match,210269.66
1,1,Match,221936.6
0,0,Match,708.59
0,0,Match,44670.27
0,0,Match,240.78
0,0,Match,20606.91
0,0,Match,2444.71
1,1,Match,61178.51
0,0,Match,92184.04
0,0,Match,92784.06
0,0,Match,11679.19
0,0,Match,14229.35
0,0,Match,10498.05
0,0,Match,2261.94
0,0,Match,10754.33
1,1,Match,249791.3
0,0,Match,564.53
0,0,Match,81678.71
0,0,Match,7847.31
0,0,Match,3141.09
1,1,Match,2066446.27
0,0,Match,42529.28
0,0,Match,29488.1
0,0,Match,7669.67
0,0,Match,114482.31
0,0,Match,258126.09
0,0,Match,287509.05
0,0,Match,3765.68
0,0,Match,3714.42
0,0,Match,74226.4
0,0,Match,7203.57
0,0,Match,10784.52
0,0,Match,231564.18
1,1,Match,1083860.21
0,0,Match,621561.65
0,0,Match,2983.5
0,0,Match,2166.22
1,1,Match,315654.19
0,0,Match,4177.38
0,0,Match,206336.47
0,0,Match,6540.9
0,0,Match,3439.96
0,0,Match,447478.26
0,0,Match,10475.55
0,0,Match,630132.72
0,0,Match,4059.46
0,0,Match,129484.36
1,1,Match,277970.88
0,0,Match,1994.48
0,0,Match,4940.2
0,0,Match,4416.9
0,0,Match,209.18
0,0,Match,9738.95
0,0,Match,43573.75
0,0,Match,186350.94
0,0,Match,257208.23
0,0,Match,38323.66
0,0,Match,3154.06
0,0,Match,7853.17
0,0,Match,15751.31
0,0,Match,3923.32
1,1,Match,365099.76
0,0,Match,1470.5
0,0,Match,4297.27
0,0,Match,46261.02
0,0,Match,98540.13
0,0,Match,69286.21
0,0,Match,9614.45
0,0,Match,84022.18
0,0,Match,256226.2
0,0,Match,4362.02
0,0,Match,367673.83
0,0,Match,233776.61
0,0,Match,184246.71
0,0,Match,196477.41
0,0,Match,202624.59
1,1,Match,36359.57
1,1,Match,9887819.06
1,1,Match,6501303.14
0,0,Match,259080.76
0,0,Match,4470.86
0,0,Match,101940.14
0,0,Match,291839.31
0,0,Match,7377.42
0,0,Match,193492.68
0,0,Match,13176.82
0,0,Match,9161.94
0,0,Match,32118.97
0,0,Match,2185.46
0,0,Match,1012.84
0,0,Match,2681.46
0,0,Match,10967.47
0,0,Match,1553.21
0,0,Match,10695.07
0,0,Match,17172.65
0,0,Match,158406.66
0,0,Match,82616.3
1,1,Match,10224.0
0,0,Match,394042.27
0,0,Match,7889.84
0,0,Match,24213.27
0,0,Match,2276.89
0,0,Match,92553.64
0,0,Match,295.78
1,1,Match,1388951.5
0,0,Match,5542.54
0,0,Match,133531.07
0,0,Match,2875.66
0,0,Match,3903.48
0,0,Match,6094.01
1,1,Match,90204.54
0,0,Match,1757.74
1,1,Match,21729.0
0,0,Match,8269.29
0,0,Match,225464.91
0,0,Match,3722.55
0,0,Match,88414.44
0,0,Match,84189.52
0,0,Match,48516.52
0,0,Match,6624.39
1,1,Match,496128.26
0,0,Match,164495.4
0,0,Match,79602.79
0,0,Match,24978.31
0,0,Match,36448.64
0,0,Match,48134.99
0,0,Match,45649.91
1,1,Match,36532.84
0,0,Match,11240.64
0,0,Match,22251.46
0,0,Match,1023.05
0,0,Match,20461.89
0,0,Match,6012.68
1,1,Match,158299.34
0,0,Match,245679.75
0,0,Match,13737.03
1,1,Match,99139.27
0,0,Match,287937.99
0,0,Match,6010.62
0,0,Match,6473.31
0,0,Match,20601.02
0,0,Match,18079.63
0,0,Match,180599.7
0,0,Match,9471.15
0,0,Match,36600.63
0,0,Match,517419.65
0,0,Match,85410.75
0,0,Match,255660.11
0,0,Match,6078.56
0,0,Match,1969.13
0,0,Match,11342.04
0,0,Match,46179.38
0,0,Match,6453.51
0,0,Match,22880.85
0,0,Match,1853.22
0,0,Match,11999.97
0,0,Match,2577.79
0,0,Match,2421.15
0,0,Match,514.74
0,0,Match,137497.97
0,0,Match,207880.29
0,0,Match,4761.57
1,1,Match,587031.2
0,0,Match,4158.31
1,1,Match,61487.67
0,0,Match,208973.73
0,0,Match,445270.15
0,0,Match,33416.51
0,0,Match,7269.69
0,0,Match,1483.31
1,1,Match,61178.51
0,0,Match,94450.19
0,0,Match,4411.68
0,0,Match,4343.55
0,0,Match,1454.92
1,1,Match,17246.0
0,0,Match,209859.04
0,0,Match,8999.94
0,0,Match,808.34
0,0,Match,1379628.76
0,0,Match,297037.63
0,0,Match,2555.12
0,0,Match,6163.43
0,0,Match,9906.29
0,0,Match,5437.85
0,0,Match,15217.98
0,0,Match,226240.27
0,0,Match,28306.8
0,0,Match,28653.61
0,0,Match,4044.24
1,1,Match,446032.95
0,0,Match,128998.92
0,0,Match,11515.03
0,0,Match,18293.81
0,0,Match,179180.78
1,1,Match,3760068.04
0,0,Match,6159.72
0,0,Match,7382.31
0,0,Match,39069.42
0,0,Match,980.14
0,0,Match,53763.65
1,1,Match,337974.21
0,0,Match,283675.61
0,0,Match,21191.67
0,0,Match,31678.91
0,0,Match,2318.74
0,0,Match,8358.83
0,0,Match,43698.21
0,0,Match,168846.2
1,1,Match,10539.37
0,0,Match,15006.45
0,0,Match,8525.08
0,0,Match,1813.69
0,0,Match,58095.79
0,0,Match,2329.66
0,0,Match,3724.19
0,0,Match,197243.16
0,0,Match,8826.61
0,0,Match,6688.74
0,0,Match,395709.23
0,0,Match,7071.42
0,0,Match,376507.72
0,0,Match,113287.66
0,0,Match,173.52
0,0,Match,385123.59
0,0,Match,97150.04
0,0,Match,93943.96
0,0,Match,1033.44
0,0,Match,10407.19
0,0,Match,30772.28
1,1,Match,167715.53
0,0,Match,30538.26
1,1,Match,156011.24
0,0,Match,89888.52
0,0,Match,244361.81
0,0,Match,915732.43
0,0,Match,1526.5
0,0,Match,902485.36
0,0,Match,167569.88
0,0,Match,5385.54
1,1,Match,155761.29
0,0,Match,254934.1
0,0,Match,6.42
0,0,Match,1668.11
1,1,Match,82971.91
1,1,Match,126690.14
0,0,Match,4322.17
0,0,Match,823.18
1,1,Match,886592.76
0,0,Match,1439.72
0,0,Match,8380.77
0,0,Match,367834.87
0,0,Match,8534.32
0,0,Match,90264.51
0,0,Match,4276.73
1,1,Match,503405.88
0,0,Match,3215.11
0,0,Match,5554.61
0,0,Match,2510.38
0,0,Match,2626.7
0,0,Match,7402.51
0,0,Match,2312.71
0,0,Match,10325.88
0,0,Match,222126.95
0,0,Match,380015.14
0,0,Match,123974.95
0,0,Match,2131.84
0,0,Match,297193.49
0,0,Match,216556.93
0,0,Match,77655.59
0,0,Match,6988.56
0,0,Match,4562.64
0,0,Match,370751.08
0,0,Match,7590.75
0,0,Match,522264.81
0,0,Match,281339.92
0,0,Match,917.06
0,0,Match,103041.57
1,1,Match,26768.5
0,0,Match,2635.27
0,0,Match,6133.67
0,0,Match,16998.22
0,0,Match,61824.71
0,0,Match,5560.25
0,0,Match,102737.96
0,0,Match,9479.66
0,0,Match,458.45
0,0,Match,3442.37
0,0,Match,23248.88
0,0,Match,19030.46
0,0,Match,106286.15
0,0,Match,252555.37
0,0,Match,383568.25
0,0,Match,56432.77
0,0,Match,15033.16
0,0,Match,10023.27
0,0,Match,12697.33
0,0,Match,291681.95
0,0,Match,4008.01
0,0,Match,4514.37
0,0,Match,10122.53
0,0,Match,532.61
0,0,Match,38428.19
1,1,Match,454511.73
0,0,Match,738.02
0,0,Match,9800.58
0,0,Match,2981.14
0,0,Match,243541.7
1,1,Match,221936.6
0,0,Match,16403.92
0,0,Match,15470.9
0,0,Match,3509.48
0,0,Match,16092.52
1,1,Match,167679.27
0,0,Match,8834.5
1,1,Match,25975.86
0,0,Match,10030.92
1,1,Match,249791.3
0,0,Match,2070.73
0,0,Match,77957.68
0,0,Match,142853.33
0,0,Match,6159.62
0,0,Match,5093.86
0,0,Match,51147.41
0,0,Match,4083.67
0,0,Match,2279.48
0,0,Match,3382.36
0,0,Match,49251.21
0,0,Match,63557.19
0,0,Match,1487557.25
0,0,Match,354.75
0,0,Match,5960.6
0,0,Match,2217.41
0,0,Match,1207.85
0,0,Match,11893.29
0,0,Match,242640.84
0,0,Match,166437.13
0,0,Match,572492.51
0,0,Match,8659.19
0,0,Match,4274.53
0,0,Match,9855.36
0,0,Match,161238.92
0,0,Match,18432.04
0,0,Match,108259.9
0,0,Match,6128.41
0,0,Match,15619.46
0,0,Match,7625.73
0,0,Match,14825.9
0,0,Match,13812.46
0,0,Match,3608.41
0,0,Match,2746.12
0,0,Match,8215.28
0,0,Match,43093.35
0,0,Match,6388.86
0,0,Match,187.48
0,0,Match,202758.62
0,0,Match,283123.48
0,0,Match,386367.23
0,0,Match,4139.79
0,0,Match,162671.15
0,0,Match,35426.93
0,0,Match,261488.06
0,0,Match,405812.31
0,0,Match,16505.51
0,0,Match,11454.41
0,0,Match,206659.26
0,0,Match,6166.59
0,0,Match,10808.71
0,0,Match,15152.15
0,0,Match,31108.12
0,0,Match,1014.52
0,0,Match,47940.14
0,0,Match,9419.48
0,0,Match,2034.58
0,0,Match,16734.5
0,0,Match,17791.71
0,0,Match,1753.6
0,0,Match,7837.56
0,0,Match,95564.34
0,0,Match,9469.26
1,1,Match,730574.39
0,0,Match,11762.79
0,0,Match,1157.15
0,0,Match,4158.69
1,1,Match,212613.29
0,0,Match,64945.57
0,0,Match,32564.14
0,0,Match,13527.67
0,0,Match,43906.79
0,0,Match,9258.63
0,0,Match,213554.46
0,0,Match,162.26
0,0,Match,106019.41
0,0,Match,24258.1
0,0,Match,55503.1
0,0,Match,17827.48
0,0,Match,6204.45
0,0,Match,207252.6
0,0,Match,9970.16
0,0,Match,5111.72
0,0,Match,235882.32
0,0,Match,155379.43
0,0,Match,3177.01
0,0,Match,392940.08
0,0,Match,6210.12
0,0,Match,7550.29
0,0,Match,285.59
0,0,Match,7656.3
0,0,Match,445189.67
0,0,Match,2826.25
0,0,Match,300747.04
0,0,Match,187728.59
0,0,Match,14403.17
0,0,Match,63255.29
1,1,Match,161939.36
0,0,Match,8528.94
0,0,Match,3766.99
0,0,Match,257619.2
0,0,Match,270.88
0,0,Match,6678.65
0,0,Match,839.71
0,0,Match,65025.3
0,0,Match,10625.49
1,1,Match,18627.02
0,0,Match,8640.07
0,0,Match,9536.43
0,0,Match,7598.75
0,0,Match,5040.3
0,0,Match,233.28
0,0,Match,12371.83
0,0,Match,107360.06
0,0,Match,4680.12
0,0,Match,112752.15
0,0,Match,8403.66
0,0,Match,971.73
0,0,Match,5552.23
0,0,Match,20452.81
0,0,Match,174535.28
0,0,Match,3666.42
0,0,Match,55105.9
0,0,Match,50090.81
0,0,Match,1137763.15
0,0,Match,5880.33
0,0,Match,6099.96
0,0,Match,8607.73
0,0,Match,13817.6
0,0,Match,141.87
0,0,Match,63590.82
0,0,Match,140728.41
1,1,Match,10000000.0
0,0,Match,24963.89
0,0,Match,17906.01
0,0,Match,236343.99
0,0,Match,391970.1
0,0,Match,8095.81
0,0,Match,287265.38
0,0,Match,3985.96
0,0,Match,561.01
0,0,Match,3666.25
0,0,Match,7426.25
0,0,Match,486780.94
0,0,Match,170634.8
0,0,Match,215798.0
0,0,Match,189703.56
1,1,Match,2322909.69
0,0,Match,54663.15
1,1,Match,304085.48
0,0,Match,72770.85
0,0,Match,2168.82
1,1,Match,86070.17
1,1,Match,85354.69
0,0,Match,12847.91
0,0,Match,134175.79
0,0,Match,46526.41
0,0,Match,50938.65
0,0,Match,126270.37
0,0,Match,81967.65
0,0,Match,10554.67
0,0,Match,12798.82
0,0,Match,240680.1
0,0,Match,4041.77
0,0,Match,7550.59
0,0,Match,3380.1
0,0,Match,3674.62
0,0,Match,75157.07
0,0,Match,4461.08
0,0,Match,7049.83
0,0,Match,400589.96
0,0,Match,981.57
0,0,Match,3044.66
1,1,Match,65488.05
0,0,Match,172867.65
0,0,Match,17864.89
0,0,Match,1632.27
0,0,Match,134143.27
0,0,Match,607537.17
0,0,Match,311282.8
0,0,Match,135357.16
1,1,Match,2451423.58
0,0,Match,2288.61
1,1,Match,1932200.59
0,0,Match,40210.51
0,0,Match,335979.26
0,0,Match,10460.53
0,0,Match,157949.14
0,0,Match,9766.07
0,0,Match,23966.48
0,0,Match,3168.21
0,0,Match,1605.63
0,0,Match,60949.25
0,0,Match,19227.1
0,0,Match,89608.08
0,0,Match,316493.12
0,0,Match,17596.24
0,0,Match,145374.18
0,0,Match,96785.24
0,0,Match,53.51
0,0,Match,9087.23
0,0,Match,259049.85
0,0,Match,2466.6
0,0,Match,51284.87
1,1,Match,9748.89
0,0,Match,7632.13
0,0,Match,25404.53
0,0,Match,1201716.66
1,1,Match,1311150.9
0,0,Match,829.07
0,0,Match,1837.39
0,0,Match,1522.55
0,0,Match,3464.93
0,0,Match,248408.34
0,0,Match,4397.58
0,0,Match,3292.21
0,0,Match,155075.41
0,0,Match,2504.15
0,0,Match,3897.56
1,1,Match,684796.16
0,0,Match,4205.98
0,0,Match,472132.78
0,0,Match,594.09
0,0,Match,7331.46
0,0,Match,253967.93
0,0,Match,16913.76
0,0,Match,20442.39
0,0,Match,154442.99
0,0,Match,39244.81
0,0,Match,59691.76
0,0,Match,437415.9
0,0,Match,187825.52
0,0,Match,294304.91
0,0,Match,3799.78
0,0,Match,35502.25
0,0,Match,2896.73
0,0,Match,10856.63
0,0,Match,47317.52
0,0,Match,14976.04
1,1,Match,766631.82
0,0,Match,125558.59
0,0,Match,412.18
0,0,Match,168258.14
0,0,Match,14182.4
0,0,Match,4171.83
0,0,Match,5630.78
0,0,Match,109732.52
0,0,Match,3643.48
0,0,Match,232720.95
0,0,Match,735.15
0,0,Match,116112.9
0,0,Match,80218.06
0,0,Match,6079.77
0,0,Match,122464.68
0,0,Match,3504.75
0,0,Match,691738.36
0,0,Match,162.17
0,0,Match,8208.25
0,0,Match,14157.15
0,0,Match,9099.13
1,1,Match,428239.03
0,0,Match,7512.61
1,1,Match,724414.43
0,0,Match,595879.01
0,0,Match,942403.4
0,0,Match,22475.23
0,0,Match,251241.14
0,0,Match,1658.87
0,0,Match,435589.96
0,0,Match,130385.04
0,0,Match,1593.64
0,0,Match,4133.41
0,0,Match,183.35
0,0,Match,3866.19
0,0,Match,6794.37
1,1,Match,3640271.29
1,1,Match,3243092.91
0,0,Match,10511.06
0,0,Match,1440296.14
0,0,Match,285360.2
1,1,Match,2100.0
0,0,Match,6226.79
0,0,Match,81886.69
0,0,Match,360373.89
0,0,Match,12848.12
0,0,Match,2225.09
0,0,Match,4804.68
0,0,Match,3372.29
0,0,Match,760.21
0,0,Match,4581.31
0,0,Match,181.87
0,0,Match,208501.33
0,0,Match,25674.03
1,1,Match,3512572.72
0,0,Match,5655.12
0,0,Match,3199.06
0,0,Match,1017.85
0,0,Match,57643.24
0,0,Match,3530.38
0,0,Match,17975.9
0,0,Match,2588.24
0,0,Match,41853.65
0,0,Match,161339.92
0,0,Match,3106.9
0,0,Match,26531.35
0,0,Match,5017.33
1,1,Match,561374.78
0,0,Match,6326.75
0,0,Match,37393.74
0,0,Match,173597.57
0,0,Match,61922.54
0,0,Match,11771.68
1,1,Match,802382.45
0,0,Match,4867.56
0,0,Match,9437.39
0,0,Match,249233.37
0,0,Match,158934.62
0,0,Match,22178.82
0,0,Match,595846.21
0,0,Match,260604.69
1,1,Match,17320.91
0,0,Match,13826.77
0,0,Match,360997.83
0,0,Match,7089.25
0,0,Match,10430.39
0,0,Match,6059.38
0,0,Match,64279.74
0,0,Match,772.01
0,0,Match,2064.34
0,0,Match,3095.41
0,0,Match,5154.97
0,0,Match,156819.6
0,0,Match,24035.29
0,0,Match,6919.03
0,0,Match,35236.35
0,0,Match,366645.12
0,0,Match,5656.37
0,0,Match,13553.79
1,1,Match,167715.53
0,0,Match,3719.89
0,0,Match,10696.23
0,0,Match,41693.6
1,1,Match,561948.38
0,0,Match,186447.51
0,0,Match,340473.03
0,0,Match,2998.2
0,0,Match,7154.46
0,0,Match,329937.9
0,0,Match,300516.87
1,1,Match,24412.07
0,0,Match,32923.07
0,0,Match,82914.35
0,0,Match,288884.1
0,0,Match,32168.72
0,0,Match,59189.32
0,0,Match,1434.08
0,0,Match,367768.4
0,0,Match,106117.28
0,0,Match,7709.2
0,0,Match,371574.2
0,0,Match,90697.75
0,0,Match,3567.99
0,0,Match,692460.02
0,0,Match,42646.67
0,0,Match,14294.08
0,0,Match,664.35
1,1,Match,556218.01
0,0,Match,1902.1
0,0,Match,220070.01
0,0,Match,254199.52
1,1,Match,109525.67
0,0,Match,356342.94
0,0,Match,70344.95
0,0,Match,11436.9
0,0,Match,10114.65
1,1,Match,587031.2
0,0,Match,924.07
0,0,Match,341884.94
1,1,Match,238717.5
0,0,Match,523736.96
0,0,Match,339.82
0,0,Match,239692.36
0,0,Match,267379.89
0,0,Match,611049.17
0,0,Match,2780.75
0,0,Match,7237.08
0,0,Match,26279.17
0,0,Match,114634.43
0,0,Match,2253.07
0,0,Match,269750.94
0,0,Match,996.0
0,0,Match,11587.98
0,0,Match,441551.13
0,0,Match,373068.26
0,0,Match,568912.68
1,1,Match,1858515.57
0,0,Match,73242.08
0,0,Match,130407.77
0,0,Match,69196.27
0,0,Match,12786.76
0,0,Match,154139.72
0,0,Match,6356.01
0,0,Match,119451.25
1,1,Match,482679.6
0,0,Match,181062.0
0,0,Match,170483.99
0,0,Match,3408.82
0,0,Match,197677.22
0,0,Match,2298.7
0,0,Match,175236.79
1,1,Match,74177.92
0,0,Match,12492.07
0,0,Match,488338.66
0,0,Match,3956.77
1,1,Match,33332.86
0,0,Match,14956.56
0,0,Match,349.63
0,0,Match,10183.1
0,0,Match,10951.21
0,0,Match,26862.79
0,0,Match,1303.15
0,0,Match,15323.44
0,0,Match,20670.84
0,0,Match,8727.74
0,0,Match,28369.96
0,0,Match,13597.47
0,0,Match,62073.54
0,0,Match,6137.82
0,0,Match,4560.11
0,0,Match,189896.16
0,0,Match,14439.4
1,1,Match,217255.97
0,0,Match,461.65
0,0,Match,10958.77
0,0,Match,4391.44
0,0,Match,63180.2
0,0,Match,4510.15
0,0,Match,23641.67
0,0,Match,85766.59
0,0,Match,3390.74
0,0,Match,6013.05
0,0,Match,7463.22
0,0,Match,180173.39
0,0,Match,12770.33
0,0,Match,7302.26
0,0,Match,561808.58
0,0,Match,17689.59
0,0,Match,6864.68
0,0,Match,13693.11
0,0,Match,1831.16
0,0,Match,93078.04
0,0,Match,792727.79
0,0,Match,11128.08
0,0,Match,5065.07
0,0,Match,581294.26
0,0,Match,332258.01
0,0,Match,8065.93
0,0,Match,11889.61
0,0,Match,2768.58
0,0,Match,122859.05
0,0,Match,97806.47
0,0,Match,29929.77
0,0,Match,498178.68
1,1,Match,42789.93
0,0,Match,37480.38
0,0,Match,2258388.15
0,0,Match,3615.16
0,0,Match,2481.93
0,0,Match,47599.58
0,0,Match,1596.18
0,0,Match,340936.73
1,1,Match,865948.49
0,0,Match,3875.99
0,0,Match,5704.64
0,0,Match,135364.07
0,0,Match,18187.81
0,0,Match,130145.62
0,0,Match,14685.31
0,0,Match,280736.2
0,0,Match,421361.07
0,0,Match,383533.35
0,0,Match,1702.16
0,0,Match,4235.23
0,0,Match,385674.22
0,0,Match,5966.29
0,0,Match,7366.3
0,0,Match,191.73
0,0,Match,6092.79
0,0,Match,5986.18
0,0,Match,5260.41
0,0,Match,386683.04
0,0,Match,793967.31
0,0,Match,1490781.74
0,0,Match,4.36
1,1,Match,667043.9
0,0,Match,114271.72
1,1,Match,93459.89
0,0,Match,83160.08
0,0,Match,4171.95
1,1,Match,5460002.91
0,0,Match,5975.73
0,0,Match,1644.19
0,0,Match,227768.63
0,0,Match,10659.13
0,0,Match,42765.11
0,0,Match,8690.69
0,0,Match,2236.04
0,0,Match,6915.38
0,0,Match,6848.97
1,1,Match,1093155.19
0,0,Match,2337.09
0,0,Match,76932.89
0,0,Match,5721.25
1,1,Match,1388951.5
0,0,Match,180572.73
0,0,Match,257656.05
0,0,Match,2734.77
0,0,Match,3702.39
0,0,Match,7206.33
0,0,Match,28369.42
0,0,Match,151301.14
0,0,Match,56565.27
0,0,Match,2767.59
0,0,Match,15593.41
1,1,Match,636.0
0,0,Match,9972.12
0,0,Match,3626.07
0,0,Match,43198.52
1,1,Match,164.0
0,0,Match,2713.07
1,1,Match,2066467.64
0,0,Match,627010.99
0,0,Match,186699.23
0,0,Match,3805.94
0,0,Match,10891.96
0,0,Match,24734.93
0,0,Match,96.32
0,0,Match,13950.5
0,0,Match,217136.62
0,0,Match,130078.54
0,0,Match,3708.43
0,0,Match,6403.08
0,0,Match,7369.86
0,0,Match,4504.48
0,0,Match,900.37
0,0,Match,182036.49
0,0,Match,6905.9
0,0,Match,22655.09
0,0,Match,85068.86
0,0,Match,13101.5
1,1,Match,1861008.32
0,0,Match,8666.76
0,0,Match,10040.52
0,0,Match,5130.16
0,0,Match,2354.7
0,0,Match,2746.99
0,0,Match,399.66
0,0,Match,149.11
0,0,Match,222204.07
0,0,Match,111691.03
0,0,Match,5784.92
0,0,Match,266095.2
0,0,Match,413.84
1,1,Match,1684039.12
0,0,Match,94096.34
0,0,Match,4987.75
0,0,Match,2064.02
0,0,Match,10533.04
0,0,Match,1199.97
0,0,Match,35458.8
0,0,Match,3239.79
0,0,Match,6735.16
0,0,Match,5398.19
1,1,Match,2776135.33
0,0,Match,6550.89
0,0,Match,68630.15
0,0,Match,15770.62
0,0,Match,4931.8
1,1,Match,781953.11
0,0,Match,14694.94
0,0,Match,9723.57
0,0,Match,14290.67
0,0,Match,188878.92
0,0,Match,150.07
0,0,Match,73199.1
0,0,Match,9370.51
1,1,Match,346704.55
0,0,Match,423159.63
0,0,Match,146131.91
0,0,Match,3182.69
0,0,Match,161141.8
1,1,Match,239473.85
0,0,Match,2571.94
0,0,Match,3111.86
0,0,Match,4209.57
0,0,Match,10777.16
0,0,Match,205054.97
0,0,Match,90340.16
0,0,Match,855931.4
0,0,Match,3060.2
0,0,Match,7107.77
0,0,Match,75247.56
0,0,Match,16981.52
0,0,Match,5912.4
0,0,Match,3470.6
0,0,Match,13709.48
0,0,Match,7108.61
0,0,Match,1031.66
1,1,Match,85637.08
0,0,Match,129717.52
0,0,Match,38755.91
1,1,Match,26950.06
0,0,Match,54989.36
0,0,Match,15889.95
0,0,Match,80278.26
0,0,Match,321219.34
0,0,Match,3149.64
0,0,Match,412579.72
0,0,Match,3219.24
0,0,Match,3358.66
0,0,Match,14432.84
0,0,Match,4764.33
0,0,Match,2807.18
0,0,Match,837439.12
1,1,Match,1096187.24
0,0,Match,298431.03
0,0,Match,4249.18
0,0,Match,38.66
0,0,Match,881.53
0,0,Match,4377.04
0,0,Match,140862.84
0,0,Match,2731.05
0,0,Match,14390.28
0,0,Match,2816.13
0,0,Match,9455.53
0,0,Match,1647.93
1,1,Match,945131.85
0,0,Match,566838.74
0,0,Match,107581.14
0,0,Match,14287.64
0,0,Match,3287.08
0,0,Match,7863.57
0,0,Match,12710.27
0,0,Match,2411.42
0,0,Match,7767.92
0,0,Match,11637.06
0,0,Match,3580.26
0,0,Match,2676.97
0,0,Match,6504.7
0,0,Match,38739.05
0,0,Match,869.49
0,0,Match,6926.67
0,0,Match,9707.6
1,1,Match,40458.0
0,0,Match,60836.64
0,0,Match,44538.32
0,0,Match,1928.55
1,1,Match,4582074.51
0,0,Match,4613.1
0,0,Match,277807.48
0,0,Match,6557.5
0,0,Match,211258.63
1,1,Match,2930418.44
0,0,Match,2675.43
0,0,Match,15242.93
0,0,Match,5770.32
0,0,Match,348186.2
1,1,Match,28308.97
0,0,Match,3493.65
0,0,Match,279.84
0,0,Match,5297.36
0,0,Match,1820.34
0,0,Match,205.26
0,0,Match,982.67
0,0,Match,140313.48
0,0,Match,3999.34
0,0,Match,4287.23
0,0,Match,1322.25
0,0,Match,116598.79
0,0,Match,5138.36
0,0,Match,8249.72
0,0,Match,139845.98
0,0,Match,263867.55
0,0,Match,542435.88
0,0,Match,7567.92
0,0,Match,65591.87
0,0,Match,367463.71
0,0,Match,585352.48
0,0,Match,349474.53
0,0,Match,6507.26
0,0,Match,10039.29
0,0,Match,4927.23
0,0,Match,4096.05
0,0,Match,422125.99
0,0,Match,369168.98
0,0,Match,28342.33
0,0,Match,208376.61
1,1,Match,334276.08
0,0,Match,10751.65
0,0,Match,272493.95
0,0,Match,82172.42
0,0,Match,3408.19
0,0,Match,1280.14
0,0,Match,68588.88
0,0,Match,11045.61
0,0,Match,139247.62
1,1,Match,3156421.43
0,0,Match,73464.06
0,0,Match,41385.54
1,1,Match,309254.05
0,0,Match,23430.56
0,0,Match,189104.46
0,0,Match,263017.13
0,0,Match,11378.85
0,0,Match,159116.29
0,0,Match,21501.47
0,0,Match,39554.82
0,0,Match,222108.22
0,0,Match,11706.28
0,0,Match,9455.05
0,0,Match,8679.13
1,1,Match,581421.85
0,0,Match,833142.33
0,0,Match,265088.15
0,0,Match,406297.68
0,0,Match,3136.92
0,0,Match,76284.92
0,0,Match,2914.36
0,0,Match,314.67
0,0,Match,4911.89
0,0,Match,5159.29
0,0,Match,2867.14
0,0,Match,326468.84
0,0,Match,4497.87
0,0,Match,1684.81
0,0,Match,9133.33
0,0,Match,71416.65
0,0,Match,12687.23
0,0,Match,18062.09
0,0,Match,81120.8
0,0,Match,5274.17
0,0,Match,429539.78
0,0,Match,2952.13
0,0,Match,3092.92
0,0,Match,1330.7
0,0,Match,10019.06
0,0,Match,73844.55
0,0,Match,226287.19
0,0,Match,15803.6
0,0,Match,1131.72
0,0,Match,2855.16
0,0,Match,5514.73
1,1,Match,921668.95
0,0,Match,10059.7
0,0,Match,225639.52
0,0,Match,18266.81
0,0,Match,276215.93
0,0,Match,4072.66
0,0,Match,18851.44
0,0,Match,5403.87
0,0,Match,17277.16
0,0,Match,5306.41
0,0,Match,13653.91
0,0,Match,502571.35
0,0,Match,5270.72
1,1,Match,755813.12
0,0,Match,6846.62
1,1,Match,482679.6
1,1,Match,44571.94
1,1,Match,272791.44
0,0,Match,1110.87
0,0,Match,129759.91
0,0,Match,83.01
0,0,Match,23669.02
0,0,Match,16600.63
1,1,Match,148188.84
0,0,Match,694.12
0,0,Match,7285.45
0,0,Match,309.78
0,0,Match,27401.26
0,0,Match,13836.66
0,0,Match,133683.73
0,0,Match,7677.73
0,0,Match,5287.68
0,0,Match,769.58
1,1,Match,91691.75
0,0,Match,107440.87
0,0,Match,24690.36
0,0,Match,177096.09
0,0,Match,12872.92
0,0,Match,3016.29
0,0,Match,439.66
0,0,Match,79311.12
0,0,Match,5680.34
0,0,Match,139705.19
0,0,Match,74554.42
0,0,Match,280770.07
0,0,Match,2065.17
0,0,Match,414285.51
0,0,Match,2565.39
0,0,Match,171810.63
0,0,Match,340535.73
0,0,Match,42.0
0,0,Match,9657.66
0,0,Match,4736.45
1,1,Match,986876.27
0,0,Match,634.95
0,0,Match,299711.16
0,0,Match,5678.23
0,0,Match,10335.09
0,0,Match,232.74
0,0,Match,65521.42
0,0,Match,536060.03
0,0,Match,842.33
0,0,Match,501.11
0,0,Match,3418.07
1,1,Match,737285.03
0,0,Match,7860.26
0,0,Match,283308.0
1,1,Match,530733.43
0,0,Match,12256.66
0,0,Match,1842.71
0,0,Match,149651.68
0,0,Match,6814.2
0,0,Match,182524.92
0,0,Match,13651.49
0,0,Match,2008.49
0,0,Match,9125.93
0,0,Match,11168.84
0,0,Match,20000.32
0,0,Match,1615.9
0,0,Match,133038.81
0,0,Match,5912.08
0,0,Match,1766.71
1,1,Match,82527.13
0,0,Match,2673.52
0,0,Match,16812.61
0,0,Match,132355.33
0,0,Match,10134.78
0,0,Match,15806.57
1,1,Match,2737766.8
0,0,Match,254872.55
0,0,Match,20995.68
0,0,Match,7456.1
1,1,Match,295664.18
0,0,Match,3738.25
0,0,Match,7694.63
0,0,Match,50907.95
0,0,Match,2935.86
1,1,Match,7696836.35
0,0,Match,2494.55
0,0,Match,905.86
0,0,Match,5946.79
0,0,Match,170422.95
0,0,Match,142596.78
0,0,Match,7440.6
0,0,Match,383903.55
0,0,Match,54944.45
0,0,Match,87117.29
0,0,Match,3567.5
0,0,Match,170656.02
1,1,Match,36359.57
0,0,Match,252908.87
0,0,Match,329503.27
0,0,Match,355458.78
0,0,Match,950.25
0,0,Match,3193.99
0,0,Match,192005.11
0,0,Match,7496.64
0,0,Match,3611.72
0,0,Match,62068.94
0,0,Match,265.2
0,0,Match,5301.12
0,0,Match,137054.9
0,0,Match,11689.02
0,0,Match,5143.81
0,0,Match,19027.76
0,0,Match,5831.05
0,0,Match,4151.85
0,0,Match,11470.25
0,0,Match,13071.27
0,0,Match,21568.37
0,0,Match,2569.57
0,0,Match,44660.63
0,0,Match,666.64
0,0,Match,20603.53
0,0,Match,61858.19
0,0,Match,16396.14
0,0,Match,380.76
0,0,Match,713465.67
0,0,Match,29587.32
0,0,Match,221099.31
0,0,Match,112760.37
0,0,Match,24495.45
0,0,Match,228710.05
0,0,Match,2165.53
0,0,Match,8894.27
0,0,Match,30858.63
0,0,Match,15211.91
0,0,Match,64974.45
0,0,Match,3042.92
0,0,Match,1312.68
0,0,Match,19104.84
1,1,Match,472692.51
1,1,Match,10565.0
0,0,Match,1419.98
0,0,Match,94578.73
0,0,Match,28899.92
0,0,Match,3539.89
0,0,Match,1161.19
0,0,Match,3180.02
1,1,Match,1974352.3
0,0,Match,382001.01
0,0,Match,2472.54
0,0,Match,102211.82
0,0,Match,81947.39
0,0,Match,12322.3
1,1,Match,19016.22
